barcode,is_cell,contig_id,high_confidence,length,chain,v_gene,d_gene,j_gene,c_gene,full_length,productive,cdr3,cdr3_nt,reads,umis,raw_clonotype_id,raw_consensus_id
AACTGGTAGATATGGT-1,true,AACTGGTAGATATGGT-1_contig_1,true,512,TRA,TRAV39,,TRAJ45,TRAC,true,true,CAVDGGGADGLTF,TGTGCCGTGGACGGAGGAGGTGCTGACGGACTCACCTTT,24610,7,clonotype4,clonotype4_consensus_2
AACTGGTAGATATGGT-1,true,AACTGGTAGATATGGT-1_contig_2,true,527,TRB,TRBV18,,TRBJ1-1,TRBC1,true,true,CASSLILTEAFF,TGTGCCAGCTCATTAATATTGACTGAAGCTTTCTTT,46305,15,clonotype4,clonotype4_consensus_1
AAGGAGCGTACCTACA-1,true,AAGGAGCGTACCTACA-1_contig_1,true,653,TRB,TRBV5-4,,TRBJ2-7,TRBC2,true,true,CASSLVTGIPYEQYF,TGTGCCAGCAGCTTGGTGACAGGAATCCCCTACGAGCAGTACTTC,17640,12,clonotype1,clonotype1_consensus_1
AAGGAGCGTACCTACA-1,true,AAGGAGCGTACCTACA-1_contig_2,true,568,TRA,TRAV29/DV5,,TRAJ54,TRAC,true,true,CAADSQGAQKLVF,TGTGCAGCAGACTCTCAGGGAGCCCAGAAGCTGGTATTT,56919,5,clonotype1,clonotype1_consensus_2
ACAGCTAAGACATAAC-1,true,ACAGCTAAGACATAAC-1_contig_1,true,499,TRB,TRBV2,,TRBJ1-2,TRBC1,true,true,CASSVANYGYTF,TGTGCCAGCAGCGTAGCCAACTATGGCTACACCTTC,51212,6,clonotype5,clonotype5_consensus_1
ACAGCTAAGACATAAC-1,true,ACAGCTAAGACATAAC-1_contig_2,true,462,TRA,TRAV13-1,,TRAJ49,TRAC,true,true,CAGGVGITGNQFYF,TGTGCAGGGGGGGTCGGGATCACCGGTAACCAGTTCTATTTT,16339,2,clonotype5,clonotype5_consensus_2
ACCCACTAGGCTAGAC-1,true,ACCCACTAGGCTAGAC-1_contig_1,true,502,TRB,TRBV9,,TRBJ2-2,TRBC2,true,true,CASSGQGRSNAGELFF,TGTGCCAGCAGCGGCCAGGGAAGGTCTAACGCCGGGGAGCTGTTTTTT,45897,29,clonotype19,clonotype19_consensus_1
ACTTTCAGTGCCTGGT-1,true,ACTTTCAGTGCCTGGT-1_contig_1,true,653,TRB,TRBV5-4,,TRBJ2-7,TRBC2,true,true,CASSLVTGIPYEQYF,TGTGCCAGCAGCTTGGTGACAGGAATCCCCTACGAGCAGTACTTC,33317,8,clonotype1,clonotype1_consensus_1
ACTTTCAGTGCCTGGT-1,true,ACTTTCAGTGCCTGGT-1_contig_2,true,511,TRA,TRAV29/DV5,,TRAJ54,TRAC,true,true,CAADSQGAQKLVF,TGTGCAGCAGACTCTCAGGGAGCCCAGAAGCTGGTATTT,28863,8,clonotype1,clonotype1_consensus_2
AGAGCTTCAAAGGCGT-1,true,AGAGCTTCAAAGGCGT-1_contig_1,true,527,TRB,TRBV7-9,TRBD1,TRBJ2-2,TRBC2,true,true,CASSFRDRGNTGELFF,TGTGCCAGCAGCTTTCGGGACAGGGGGAACACCGGGGAGCTGTTTTTT,62839,19,clonotype23,clonotype23_consensus_1
AGAGCTTCAAAGGCGT-1,true,AGAGCTTCAAAGGCGT-1_contig_2,true,514,TRA,TRAV29/DV5,,TRAJ44,TRAC,true,true,CAASMSGTASKLTF,TGTGCAGCAAGCATGTCCGGCACTGCCAGTAAACTCACCTTT,7398,3,clonotype23,clonotype23_consensus_2
AGGGTGAGTGTTCTTT-1,true,AGGGTGAGTGTTCTTT-1_contig_1,true,573,TRA,TRAV8-4,,TRAJ4,TRAC,true,true,CAVSDRGGGYNKLIF,TGTGCTGTGAGTGATCGGGGTGGTGGCTACAATAAGCTGATTTTT,22565,4,clonotype11,clonotype11_consensus_2
AGGGTGAGTGTTCTTT-1,true,AGGGTGAGTGTTCTTT-1_contig_2,true,473,TRB,TRBV24-1,,TRBJ2-5,TRBC2,true,true,CATSDWVGGETQYF,TGTGCCACCAGTGATTGGGTGGGGGGAGAGACCCAGTACTTC,37292,2,clonotype11,clonotype11_consensus_1
ATCCGAAGTCTTCTCG-1,true,ATCCGAAGTCTTCTCG-1_contig_1,true,525,TRB,TRBV7-9,,TRBJ2-5,TRBC2,true,true,CASSLVRGRRTSGYQETQYF,TGTGCCAGCAGCTTAGTCCGGGGCCGGCGGACTAGCGGATACCAAGAGACCCAGTACTTC,67400,19,clonotype27,clonotype27_consensus_1
ATCCGAAGTCTTCTCG-1,true,ATCCGAAGTCTTCTCG-1_contig_2,true,565,TRA,TRAV19,,TRAJ37,TRAC,true,true,CALSEAASTGKLIF,TGTGCTCTGAGTGAGGCTGCGTCCACAGGCAAACTAATCTTT,6452,5,clonotype27,clonotype27_consensus_2
ATCCGAAGTTCTCATT-1,true,ATCCGAAGTTCTCATT-1_contig_1,true,548,TRB,TRBV7-9,,TRBJ1-6,TRBC1,true,true,CASSRGAFKGASSPLHF,TGTGCCAGCAGCCGGGGGGCATTTAAGGGGGCAAGTTCACCCCTCCACTTT,43374,9,clonotype25,clonotype25_consensus_1
ATCCGAAGTTCTCATT-1,true,ATCCGAAGTTCTCATT-1_contig_2,true,503,TRA,TRAV30,,TRAJ29,TRAC,true,true,CGTEVPNSGNTPLVF,TGCGGCACAGAGGTCCCTAATTCAGGAAACACACCTCTTGTCTTT,14829,2,clonotype25,clonotype25_consensus_2
ATGTGTGTCAGTCAGT-1,true,ATGTGTGTCAGTCAGT-1_contig_1,true,518,TRB,TRBV6-5,,TRBJ1-2,TRBC1,true,true,CASSYVGDPGDGYTF,TGTGCCAGCAGTTACGTAGGGGATCCAGGGGATGGCTACACCTTC,47765,4,clonotype17,clonotype17_consensus_1
ATGTGTGTCAGTCAGT-1,true,ATGTGTGTCAGTCAGT-1_contig_2,true,488,TRA,TRAV29/DV5,,TRAJ48,TRAC,true,true,CAATGWSNFGNEKLTF,TGTGCAGCAACGGGGTGGTCTAACTTTGGAAATGAGAAATTAACCTTT,2919,2,clonotype17,clonotype17_consensus_2
ATTATCCTCTGGTATG-1,true,ATTATCCTCTGGTATG-1_contig_1,true,662,TRA,TRAV8-6,,TRAJ11,TRAC,true,true,CAVRLNSGYSTLTF,TGTGCTGTGAGGTTGAATTCAGGATACAGCACCCTCACCTTT,1257,1,clonotype22,clonotype22_consensus_2
ATTATCCTCTGGTATG-1,true,ATTATCCTCTGGTATG-1_contig_2,true,523,TRB,TRBV18,,TRBJ1-3,TRBC1,true,true,CASSPAAASSGNTIYF,TGTGCCAGCTCACCAGCTGCAGCCAGCTCTGGAAACACCATATATTTT,69047,9,clonotype22,clonotype22_consensus_1
ATTTCTGCAGTCGTGC-1,true,ATTTCTGCAGTCGTGC-1_contig_1,true,570,TRA,TRAV8-4,,TRAJ44,TRAC,true,true,CAVSPAGTASKLTF,TGTGCTGTGAGCCCCGCCGGCACTGCCAGTAAACTCACCTTT,11941,7,clonotype14,clonotype14_consensus_1
CACCTTGTCAGAGGTG-1,true,CACCTTGTCAGAGGTG-1_contig_1,true,653,TRB,TRBV5-4,,TRBJ2-7,TRBC2,true,true,CASSLVTGIPYEQYF,TGTGCCAGCAGCTTGGTGACAGGAATCCCCTACGAGCAGTACTTC,41686,9,clonotype1,clonotype1_consensus_1
CACCTTGTCAGAGGTG-1,true,CACCTTGTCAGAGGTG-1_contig_2,true,505,TRA,TRAV29/DV5,,TRAJ54,TRAC,true,true,CAADSQGAQKLVF,TGTGCAGCAGACTCTCAGGGAGCCCAGAAGCTGGTATTT,18844,4,clonotype1,clonotype1_consensus_2
CACTCCAGTAATCGTC-1,true,CACTCCAGTAATCGTC-1_contig_1,true,490,TRB,TRBV7-2,,TRBJ2-5,TRBC2,true,true,CASSLQETQYF,TGTGCCAGCAGCTTACAAGAGACCCAGTACTTC,58227,7,clonotype2,clonotype2_consensus_1
CATCGGGCACCTCGTT-1,true,CATCGGGCACCTCGTT-1_contig_1,true,504,TRB,TRBV12-3,TRBD1,TRBJ1-2,TRBC1,true,true,CASKIPGQGYGYTF,TGTGCCAGCAAAATACCGGGACAGGGATATGGCTACACCTTC,72050,6,clonotype15,clonotype15_consensus_1
CATTCGCGTGAGGGAG-1,true,CATTCGCGTGAGGGAG-1_contig_1,true,496,TRB,TRBV7-2,,TRBJ2-2,TRBC2,true,true,CASSLAKIGELFF,TGTGCCAGCAGCTTAGCGAAAATCGGGGAGCTGTTTTTT,68752,33,clonotype10,clonotype10_consensus_1
CATTCGCGTGAGGGAG-1,true,CATTCGCGTGAGGGAG-1_contig_2,true,462,TRA,TRAV13-1,,TRAJ44,TRAC,true,true,CAASISGTASKLTF,TGTGCAGCAAGTATTTCCGGCACTGCCAGTAAACTCACCTTT,7058,4,clonotype10,clonotype10_consensus_2
CCACTACCAGCTATTG-1,true,CCACTACCAGCTATTG-1_contig_1,true,500,TRA,TRAV17,,TRAJ34,TRAC,true,true,CATDRFYNTDKLIF,TGTGCTACGGACCGATTTTATAACACCGACAAGCTCATCTTT,31394,7,clonotype21,clonotype21_consensus_2
CCACTACCAGCTATTG-1,true,CCACTACCAGCTATTG-1_contig_2,true,532,TRB,TRBV2,,TRBJ2-3,TRBC2,true,true,CASSETLAGILDTQYF,TGTGCCAGCAGTGAAACCCTAGCGGGGATTTTGGATACGCAGTATTTT,30034,7,clonotype21,clonotype21_consensus_1
CCTCTGACACGTAAGG-1,true,CCTCTGACACGTAAGG-1_contig_1,true,511,TRA,TRAV29/DV5,,TRAJ54,TRAC,true,true,CAADSQGAQKLVF,TGTGCAGCAGACTCTCAGGGAGCCCAGAAGCTGGTATTT,10633,1,clonotype1,clonotype1_consensus_2
CCTCTGACACGTAAGG-1,true,CCTCTGACACGTAAGG-1_contig_2,true,653,TRB,TRBV5-4,,TRBJ2-7,TRBC2,true,true,CASSLVTGIPYEQYF,TGTGCCAGCAGCTTGGTGACAGGAATCCCCTACGAGCAGTACTTC,53307,8,clonotype1,clonotype1_consensus_1
CCTTCGAGTAACGACG-1,true,CCTTCGAGTAACGACG-1_contig_1,true,504,TRB,TRBV7-8,TRBD1,TRBJ1-3,TRBC1,true,true,CASSDRTGGSVGNTIYF,TGTGCCAGCAGCGATCGGACAGGGGGTAGCGTTGGAAACACCATATATTTT,59930,22,clonotype24,clonotype24_consensus_1
CCTTCGAGTAACGACG-1,true,CCTTCGAGTAACGACG-1_contig_2,true,499,TRA,TRAV20,,TRAJ11,TRAC,true,true,CAVWRYSTLTF,TGTGCTGTGTGGCGATACAGCACCCTCACCTTT,3616,4,clonotype24,clonotype24_consensus_2
CGTCTACTCCCTTGTG-1,true,CGTCTACTCCCTTGTG-1_contig_1,true,550,TRA,TRAV12-2,,TRAJ53,TRAC,true,true,CAVNIGGGSNYKLTF,TGTGCCGTGAACATCGGTGGAGGTAGCAACTATAAACTGACATTT,4418,3,clonotype12,clonotype12_consensus_2
CGTCTACTCCCTTGTG-1,true,CGTCTACTCCCTTGTG-1_contig_2,true,473,TRB,TRBV10-3,,TRBJ2-7,TRBC2,true,true,CAISELLSTYEQYF,TGTGCCATCAGTGAGTTGTTAAGCACCTACGAGCAGTACTTC,57391,33,clonotype12,clonotype12_consensus_1
CTAGTGAAGAAGATTC-1,true,CTAGTGAAGAAGATTC-1_contig_1,true,484,TRB,TRBV4-1,TRBD1,TRBJ1-5,TRBC1,true,true,CASSQEGDRGGQPQHF,TGCGCCAGCAGCCAAGAAGGGGACAGGGGGGGACAGCCCCAGCATTTT,63491,44,clonotype20,clonotype20_consensus_1
CTAGTGAAGAAGATTC-1,true,CTAGTGAAGAAGATTC-1_contig_2,true,559,TRA,TRAV19,,TRAJ12,TRAC,true,true,CALMDSSYKLIF,TGTGCCCTGATGGATAGCAGCTATAAATTGATCTTC,6034,5,clonotype20,clonotype20_consensus_2
CTGAAGTTCACAACGT-1,true,CTGAAGTTCACAACGT-1_contig_1,true,541,TRA,TRAV12-2,,TRAJ45,TRAC,true,true,CALGGGADGLTF,TGTGCTCTTGGTGGAGGTGCTGACGGACTCACCTTT,32020,12,clonotype9,clonotype9_consensus_2
CTGAAGTTCACAACGT-1,true,CTGAAGTTCACAACGT-1_contig_2,true,515,TRB,TRBV6-5,,TRBJ2-5,TRBC2,true,true,CATSGAPASWTQYF,TGTGCCACCAGTGGGGCCCCCGCTTCGTGGACCCAGTACTTC,41592,16,clonotype9,clonotype9_consensus_1
CTGCTGTCAATGAAAC-1,true,CTGCTGTCAATGAAAC-1_contig_1,true,497,TRB,TRBV7-6,,TRBJ1-4,TRBC1,true,true,CASSRQGRDEKLFF,TGTGCCAGCAGCCGACAGGGAAGGGATGAAAAACTGTTTTTT,41891,12,clonotype16,clonotype16_consensus_1
CTTCTCTTCACCCGAG-1,true,CTTCTCTTCACCCGAG-1_contig_1,true,538,TRB,TRBV7-9,,TRBJ2-3,TRBC2,true,true,CASSSYSTDTQYF,TGTGCCAGCAGCTCGTATAGCACAGATACGCAGTATTTT,46720,22,clonotype8,clonotype8_consensus_1
CTTCTCTTCACCCGAG-1,true,CTTCTCTTCACCCGAG-1_contig_2,true,601,TRA,TRAV30,,TRAJ20,TRAC,true,true,CGTERVDYKLSF,TGCGGCACAGAGAGGGTCGACTACAAGCTCAGCTTT,26784,9,clonotype8,clonotype8_consensus_2
GAACGGACAGCTGTGC-1,true,GAACGGACAGCTGTGC-1_contig_1,true,493,TRB,TRBV4-1,,TRBJ2-1,TRBC2,true,true,CASSARDGKTSGGYNEQFF,TGCGCCAGCAGCGCCCGGGACGGTAAGACTAGCGGGGGCTACAATGAGCAGTTCTTC,63727,20,clonotype26,clonotype26_consensus_1
GAACGGACAGCTGTGC-1,true,GAACGGACAGCTGTGC-1_contig_2,true,514,TRA,TRAV29/DV5,,TRAJ21,TRAC,true,true,CAARRIYNFNKFYF,TGTGCAGCAAGGCGGATATACAACTTCAACAAATTTTACTTT,12410,4,clonotype26,clonotype26_consensus_2
GACGCGTAGGATCGCA-1,true,GACGCGTAGGATCGCA-1_contig_1,true,472,TRB,TRBV4-1,,TRBJ2-5,TRBC2,true,true,CASSHSQETQYF,TGCGCCAGCAGCCACTCTCAAGAGACCCAGTACTTC,71776,30,clonotype3,clonotype3_consensus_1
GACGCGTAGGATCGCA-1,true,GACGCGTAGGATCGCA-1_contig_2,true,565,TRA,TRAV19,,TRAJ39,TRAC,true,true,CALSLNNAGNMLTF,TGTGCTCTGAGCCTCAATAATGCAGGCAACATGCTCACCTTT,5625,5,clonotype3,clonotype3_consensus_2
GATCGTAAGTGGTAGC-1,true,GATCGTAAGTGGTAGC-1_contig_1,true,653,TRB,TRBV5-4,,TRBJ2-7,TRBC2,true,true,CASSLVTGIPYEQYF,TGTGCCAGCAGCTTGGTGACAGGAATCCCCTACGAGCAGTACTTC,48600,13,clonotype1,clonotype1_consensus_1
GATCGTAAGTGGTAGC-1,true,GATCGTAAGTGGTAGC-1_contig_2,true,511,TRA,TRAV29/DV5,,TRAJ54,TRAC,true,true,CAADSQGAQKLVF,TGTGCAGCAGACTCTCAGGGAGCCCAGAAGCTGGTATTT,18577,6,clonotype1,clonotype1_consensus_2
GCATACAGTTTGACAC-1,true,GCATACAGTTTGACAC-1_contig_1,true,497,TRB,TRBV28,,TRBJ2-5,TRBC2,true,true,CASSSDWAKETQYF,TGTGCCAGCAGTTCGGACTGGGCTAAAGAGACCCAGTACTTC,17000,3,clonotype7,clonotype7_consensus_1
GCATACAGTTTGACAC-1,true,GCATACAGTTTGACAC-1_contig_2,true,448,TRA,TRAV21,,TRAJ54,TRAC,true,true,CAVTQGAQKLVF,TGTGCTGTGACACAGGGAGCCCAGAAGCTGGTATTT,30894,3,clonotype7,clonotype7_consensus_2
GCGCAGTCAGACAGGT-1,true,GCGCAGTCAGACAGGT-1_contig_1,true,653,TRB,TRBV5-4,,TRBJ2-7,TRBC2,true,true,CASSLVTGIPYEQYF,TGTGCCAGCAGCTTGGTGACAGGAATCCCCTACGAGCAGTACTTC,31748,12,clonotype1,clonotype1_consensus_1
GCGCAGTCAGACAGGT-1,true,GCGCAGTCAGACAGGT-1_contig_2,true,568,TRA,TRAV29/DV5,,TRAJ54,TRAC,true,true,CAADSQGAQKLVF,TGTGCAGCAGACTCTCAGGGAGCCCAGAAGCTGGTATTT,40377,7,clonotype1,clonotype1_consensus_2
GGGCACTTCGCCGTGA-1,true,GGGCACTTCGCCGTGA-1_contig_1,true,490,TRA,TRAV29/DV5,,TRAJ54,TRAC,true,true,CAADSQGAQKLVF,TGTGCAGCAGACTCTCAGGGAGCCCAGAAGCTGGTATTT,56899,6,clonotype1,clonotype1_consensus_2
GTATTCTCAGTGGGAT-1,true,GTATTCTCAGTGGGAT-1_contig_1,true,501,TRB,TRBV7-9,,TRBJ1-2,TRBC1,true,true,CASSLGRENGYTF,TGTGCCAGCAGCTTAGGCAGAGAGAATGGCTACACCTTC,73357,22,clonotype6,clonotype6_consensus_1
GTGGGTCCATATGAGA-1,true,GTGGGTCCATATGAGA-1_contig_1,true,595,TRB,TRBV19,,TRBJ1-1,TRBC1,true,true,CASTQLMTGKNTEAFF,TGTGCCAGTACCCAGCTCATGACAGGGAAGAACACTGAAGCTTTCTTT,46071,7,clonotype18,clonotype18_consensus_1
TGGCGCACACATCTTT-1,true,TGGCGCACACATCTTT-1_contig_1,true,511,TRA,TRAV29/DV5,,TRAJ54,TRAC,true,true,CAADSQGAQKLVF,TGTGCAGCAGACTCTCAGGGAGCCCAGAAGCTGGTATTT,52658,5,clonotype1,clonotype1_consensus_2
TGGCGCACACATCTTT-1,true,TGGCGCACACATCTTT-1_contig_2,true,653,TRB,TRBV5-4,,TRBJ2-7,TRBC2,true,true,CASSLVTGIPYEQYF,TGTGCCAGCAGCTTGGTGACAGGAATCCCCTACGAGCAGTACTTC,15726,3,clonotype1,clonotype1_consensus_1
TGGCTGGGTGGCAAAC-1,true,TGGCTGGGTGGCAAAC-1_contig_1,true,516,TRB,TRBV7-9,,TRBJ2-7,TRBC2,true,true,CASSWDNSYEQYF,TGTGCCAGCAGCTGGGACAATTCCTACGAGCAGTACTTC,66284,20,clonotype13,clonotype13_consensus_1
TGGCTGGGTGGCAAAC-1,true,TGGCTGGGTGGCAAAC-1_contig_2,true,576,TRA,TRAV8-4,,TRAJ23,TRAC,true,true,CAVTDLYYNQGGKLIF,TGTGCTGTGACCGACCTCTATTATAACCAGGGAGGAAAGCTTATCTTC,5424,6,clonotype13,clonotype13_consensus_2
